{"best_epoch":8,"_timestamp":1.7747705261317658e+09,"val/f1_score":0.9568627450980393,"epoch":13,"train/accuracy":0.9730195177956372,"train/loss":0.0679227943465951,"confusion_matrix":{"format":"png","width":2227,"height":1765,"_type":"image-file","sha256":"44e674cf6c91062d4dbb127c315a0eba01bf2a408aa4e8a729f4f247a9a2c3c7","size":88602,"path":"media/images/confusion_matrix_13_44e674cf6c91062d4dbb.png"},"val/recall":0.9312977099236641,"best_f1":0.9571984435797666,"_step":13,"val/precision":0.9838709677419355,"_runtime":211,"_wandb":{"runtime":211},"learning_rate":6.25e-06,"val/loss":0.09493335726853859,"val/accuracy":0.9747706422018348,"training_history":{"format":"png","width":4170,"height":1466,"_type":"image-file","sha256":"5963049f811d9ebf0fbc72f39ecc407e22b49dbc03a75b12d9f44d82cf2dbdb2","size":227036,"path":"media/images/training_history_13_5963049f811d9ebf0fbc.png"}}