{"_timestamp":1.7747799870887341e+09,"val/accuracy":0.9655963302752294,"epoch":11,"val/f1_score":0.9407114624505929,"val/loss":0.10448110480293897,"training_history":{"width":4170,"height":1466,"_type":"image-file","sha256":"67852a61b2b424babe22d06b8b8cc6ce2c3afe3b49d16451d14e760e641d29c6","size":197955,"path":"media/images/training_history_11_67852a61b2b424babe22.png","format":"png"},"best_f1":0.9448818897637795,"train/accuracy":0.9724454649827784,"val/recall":0.9083969465648855,"val/precision":0.9754098360655737,"learning_rate":1.25e-05,"confusion_matrix":{"sha256":"59dc7bb20a7fb67df733c8ebfb891b92c6f8dfb1342d3d54052af6472c1bb726","size":87840,"path":"media/images/confusion_matrix_11_59dc7bb20a7fb67df733.png","format":"png","width":2227,"height":1765,"_type":"image-file"},"best_epoch":6,"_runtime":181,"_step":11,"train/loss":0.08292446108833981,"_wandb":{"runtime":181}}