{"train/accuracy":0.965556831228473,"_timestamp":1.7748329091779563e+09,"best_f1":0.9571984435797666,"best_epoch":5,"val/recall":0.9312977099236641,"val/f1_score":0.9568627450980393,"_step":10,"val/precision":0.9838709677419355,"_wandb":{"runtime":180},"confusion_matrix":{"height":1765,"_type":"image-file","sha256":"44e674cf6c91062d4dbb127c315a0eba01bf2a408aa4e8a729f4f247a9a2c3c7","size":88602,"path":"media/images/confusion_matrix_10_44e674cf6c91062d4dbb.png","format":"png","width":2227},"_runtime":180,"val/accuracy":0.9747706422018348,"epoch":10,"learning_rate":5e-05,"training_history":{"width":4170,"height":1466,"_type":"image-file","sha256":"79de92c9b6689d68389e4b103eabe175474b7932f63b7de392fb4810e7cd973d","size":224494,"path":"media/images/training_history_10_79de92c9b6689d68389e.png","format":"png"},"val/loss":0.08828933571099437,"train/loss":0.09305080183922664}