{"val/f1_score":0.9565217391304348,"val/recall":0.9236641221374046,"_timestamp":1.7747794889288177e+09,"val/accuracy":0.9747706422018348,"val/loss":0.08887444714283836,"best_f1":0.9568627450980393,"train/loss":0.09494971914789341,"learning_rate":1.25e-05,"confusion_matrix":{"format":"png","width":2227,"height":1765,"_type":"image-file","sha256":"137d9753234ba019c875e281cb1066c2291b15cbfa265f8df2b92b89e3de81c6","size":88273,"path":"media/images/confusion_matrix_19_137d9753234ba019c875.png"},"_step":19,"best_epoch":14,"training_history":{"format":"png","width":4170,"height":1466,"_type":"image-file","sha256":"d9c2f0df5e145b668f52e7290ff7e00061412582fa211fe8f527994d82001bb8","size":223527,"path":"media/images/training_history_19_d9c2f0df5e145b668f52.png"},"val/precision":0.9918032786885246,"epoch":19,"train/accuracy":0.960390355912744,"_runtime":306,"_wandb":{"runtime":306}}