{"best_epoch":11,"confusion_matrix":{"width":2227,"height":1765,"_type":"image-file","sha256":"1eed14f041a595df5ea6773063483c3d70a9240e42b10b0de1ca9a39f47e33d2","size":88241,"path":"media/images/confusion_matrix_16_1eed14f041a595df5ea6.png","format":"png"},"_timestamp":1.7747743736194036e+09,"train/loss":0.1519164973666994,"best_f1":0.9149797570850202,"val/accuracy":0.9495412844036697,"_wandb":{"runtime":188},"_runtime":188,"val/precision":0.9739130434782609,"learning_rate":6.25e-06,"val/f1_score":0.9105691056910569,"_step":16,"val/recall":0.8549618320610687,"train/accuracy":0.9408725602755453,"training_history":{"size":197411,"path":"media/images/training_history_16_17b5ac12f5c2b8c62d8b.png","format":"png","width":4170,"height":1466,"_type":"image-file","sha256":"17b5ac12f5c2b8c62d8b89d3295a35f696423bcbf5b25cba44173e4576d080f5"},"val/loss":0.1474142325840975,"epoch":16}