{"training_history":{"width":4170,"height":1466,"_type":"image-file","sha256":"b7db6c4609f42f7dd59ae3cedcc4f45301077b10e3ba83c0be4bde87ed167dad","size":224382,"path":"media/images/training_history_9_b7db6c4609f42f7dd59a.png","format":"png"},"_runtime":154,"best_epoch":4,"val/f1_score":0.952755905511811,"val/loss":0.031244458299624966,"train/loss":0.019029303449323538,"best_f1":0.9606299212598425,"val/accuracy":0.9724770642201835,"train/accuracy":0.9735935706084959,"confusion_matrix":{"_type":"image-file","sha256":"9b93b59d1e8329094eceb1ff1881541fecc691f117e821ac6ec486a1e09c594c","size":87167,"path":"media/images/confusion_matrix_9_9b93b59d1e8329094ece.png","format":"png","width":2227,"height":1765},"_wandb":{"runtime":154},"val/recall":0.9236641221374046,"epoch":9,"learning_rate":2.5e-05,"val/precision":0.983739837398374,"_timestamp":1.7747876394330385e+09,"_step":9}