{"best_epoch":2,"val/loss":0.131966482847929,"_timestamp":1.7747809428789408e+09,"_runtime":118,"learning_rate":0.0001,"val/recall":0.9007633587786259,"epoch":7,"confusion_matrix":{"path":"media/images/confusion_matrix_7_76b41ae73e24af2b8ca6.png","format":"png","width":2227,"height":1765,"_type":"image-file","sha256":"76b41ae73e24af2b8ca6343311ce45f47778a3bae3f7b28d338384a5ee0e4eb7","size":86831},"train/accuracy":0.9368541905855339,"val/accuracy":0.9495412844036697,"val/f1_score":0.9147286821705426,"_step":7,"best_f1":0.92,"val/precision":0.9291338582677166,"train/loss":0.1778097978425682,"training_history":{"width":4170,"height":1466,"_type":"image-file","sha256":"0c6cbf23168016e8dc764a513f513fc17d3c1a750a7ad07571f0bfac028816d1","size":228536,"path":"media/images/training_history_7_0c6cbf23168016e8dc76.png","format":"png"},"_wandb":{"runtime":118}}