{"val/accuracy":0.9472477064220184,"learning_rate":1e-06,"training_history":{"sha256":"22b95a444d1d7e217cadf36a961a91ce8354a8d83b15d0f526eb7c10e19be976","size":240632,"path":"media/images/training_history_9_22b95a444d1d7e217cad.png","format":"png","width":4170,"height":1466,"_type":"image-file"},"val/loss":0.6581618721996035,"_wandb":{"runtime":144},"train/accuracy":0.9351320321469575,"_runtime":144,"train/loss":0.6616950144461535,"_timestamp":1.7747783274970834e+09,"val/f1_score":0.9111969111969112,"best_f1":0.9111969111969112,"best_epoch":4,"_step":9,"val/precision":0.921875,"confusion_matrix":{"_type":"image-file","sha256":"5e6fbe27ec6faf1d22b082691fcd4b5bccbf14ae33e59ae7faf74d879158690d","size":85408,"path":"media/images/confusion_matrix_9_5e6fbe27ec6faf1d22b0.png","format":"png","width":2227,"height":1765},"val/recall":0.9007633587786259,"epoch":9}