{"best_epoch":8,"confusion_matrix":{"size":85650,"path":"media/images/confusion_matrix_13_c3e7ae16a759d6b27126.png","format":"png","width":2227,"height":1765,"_type":"image-file","sha256":"c3e7ae16a759d6b271266feb3c5c14f73a47643b1a4bfaab60beaf3463f5e55a"},"val/recall":0.8549618320610687,"val/accuracy":0.944954128440367,"_runtime":157,"val/f1_score":0.9032258064516129,"training_history":{"format":"png","width":4170,"height":1466,"_type":"image-file","sha256":"fd04e863de474a7cf11b26ee0217ad2a3041feca9dba2c6c46bffa7965c1a8fe","size":202691,"path":"media/images/training_history_13_fd04e863de474a7cf11b.png"},"_wandb":{"runtime":157},"train/accuracy":0.9402985074626866,"train/loss":0.16694731730113335,"best_f1":0.904,"epoch":13,"val/loss":0.14469868749646203,"_step":13,"val/precision":0.9572649572649573,"learning_rate":5e-05,"_timestamp":1.7747729403379116e+09}