{"train/accuracy":0.9735935706084959,"val/recall":0.916030534351145,"_step":12,"training_history":{"size":224456,"path":"media/images/training_history_12_a427cce802387df5e065.png","format":"png","width":4170,"height":1466,"_type":"image-file","sha256":"a427cce802387df5e0657ca6dd1bba8bd96e8c33f598bf7eb148c0717bb8968d"},"_runtime":198,"_wandb":{"runtime":198},"val/loss":0.029221813384668036,"learning_rate":6.25e-06,"val/accuracy":0.9678899082568807,"_timestamp":1.7747872221605184e+09,"epoch":12,"best_f1":0.9571984435797666,"confusion_matrix":{"size":88602,"path":"media/images/confusion_matrix_12_44e674cf6c91062d4dbb.png","format":"png","width":2227,"height":1765,"_type":"image-file","sha256":"44e674cf6c91062d4dbb127c315a0eba01bf2a408aa4e8a729f4f247a9a2c3c7"},"val/f1_score":0.9448818897637795,"train/loss":0.01745016878490003,"val/precision":0.975609756097561,"best_epoch":7}