{"best_f1":0.9568627450980393,"confusion_matrix":{"width":2227,"height":1765,"_type":"image-file","sha256":"137d9753234ba019c875e281cb1066c2291b15cbfa265f8df2b92b89e3de81c6","size":88273,"path":"media/images/confusion_matrix_12_137d9753234ba019c875.png","format":"png"},"_wandb":{"runtime":190},"epoch":12,"val/loss":0.029922362355656724,"train/accuracy":0.9667049368541906,"best_epoch":7,"train/loss":0.021155058625773656,"learning_rate":1.25e-05,"val/recall":0.9236641221374046,"_timestamp":1.7747868063553765e+09,"val/f1_score":0.952755905511811,"training_history":{"sha256":"c1d05c4569f2d5b3218c4f84f08cf7f77254878ef60db31bda8150e1c510db4c","size":247071,"path":"media/images/training_history_12_c1d05c4569f2d5b3218c.png","format":"png","width":4170,"height":1466,"_type":"image-file"},"_runtime":190,"val/precision":0.983739837398374,"_step":12,"val/accuracy":0.9724770642201835}