{"train/accuracy":0.7003444316877153,"train/loss":0.6364346004407341,"epoch":6,"val/loss":0.6328547022172383,"training_history":{"height":1466,"_type":"image-file","sha256":"2d64c55cf9557f5e51532614d645411e9399d27d69f5253b772efa1cde3b25b9","size":213856,"path":"media/images/training_history_6_2d64c55cf9557f5e5153.png","format":"png","width":4170},"_wandb":{"runtime":76},"_timestamp":1.7747746022328393e+09,"best_f1":0,"val/recall":0,"best_epoch":1,"val/f1_score":0,"val/accuracy":0.6995412844036697,"_step":6,"_runtime":76,"val/precision":0,"learning_rate":1e-05,"confusion_matrix":{"format":"png","width":2227,"height":1765,"_type":"image-file","sha256":"08790581e350c5670156993d9b87381a6d2b8249b4d18a1964c355392b1bbc78","size":88871,"path":"media/images/confusion_matrix_6_08790581e350c5670156.png"}}