{"_runtime":75,"train/loss":0.6681170539422469,"epoch":6,"_wandb":{"runtime":75},"val/precision":0,"_timestamp":1.774773840789882e+09,"val/accuracy":0.6995412844036697,"confusion_matrix":{"width":2227,"height":1765,"_type":"image-file","sha256":"08790581e350c5670156993d9b87381a6d2b8249b4d18a1964c355392b1bbc78","size":88871,"path":"media/images/confusion_matrix_6_08790581e350c5670156.png","format":"png"},"learning_rate":1e-05,"_step":6,"val/f1_score":0,"best_epoch":1,"val/recall":0,"training_history":{"height":1466,"_type":"image-file","sha256":"7a6199f43fdf07b18395cb0c65bfa40744fd02f43562b088f5c33f8d4066ffbd","size":226156,"path":"media/images/training_history_6_7a6199f43fdf07b18395.png","format":"png","width":4170},"val/loss":0.6673910915851593,"best_f1":0,"train/accuracy":0.7003444316877153}