{"confusion_matrix":{"sha256":"79d87b73d0bc0b2d8fb05cab0734ff360f08dad398a86e9b35aa3f5f195a60f2","size":85859,"path":"media/images/confusion_matrix_8_79d87b73d0bc0b2d8fb0.png","format":"png","width":2227,"height":1765,"_type":"image-file"},"train/accuracy":0.939150401836969,"val/f1_score":0.9069767441860465,"training_history":{"size":220169,"path":"media/images/training_history_8_5acdb0b6f04541e5e596.png","format":"png","width":4170,"height":1466,"_type":"image-file","sha256":"5acdb0b6f04541e5e5960734f6f33584c6680074fc8186db01221fcaa298dc1f"},"_wandb":{"runtime":115},"_runtime":115,"learning_rate":5e-05,"best_epoch":3,"train/loss":0.18509537865484663,"_timestamp":1.7747765444267519e+09,"_step":8,"val/accuracy":0.944954128440367,"epoch":8,"best_f1":0.9156626506024096,"val/loss":0.14098824350671335,"val/precision":0.9212598425196851,"val/recall":0.8931297709923665}