{"best_epoch":7,"_wandb":{"runtime":197},"epoch":12,"val/f1_score":0.953125,"val/loss":0.09513930035089808,"_runtime":197,"val/accuracy":0.9724770642201835,"learning_rate":1.25e-05,"train/loss":0.07790040063945183,"train/accuracy":0.9701492537313433,"val/precision":0.976,"best_f1":0.9606299212598425,"val/recall":0.9312977099236641,"training_history":{"sha256":"12e1a8ae6323d7c357edc1a41654d4a46d9b3db981b2cb6bcc01b2c34355a11e","size":238795,"path":"media/images/training_history_12_12e1a8ae6323d7c357ed.png","format":"png","width":4170,"height":1466,"_type":"image-file"},"confusion_matrix":{"format":"png","width":2227,"height":1765,"_type":"image-file","sha256":"9b93b59d1e8329094eceb1ff1881541fecc691f117e821ac6ec486a1e09c594c","size":87167,"path":"media/images/confusion_matrix_12_9b93b59d1e8329094ece.png"},"_timestamp":1.7747812542460153e+09,"_step":12}