{"train/loss":0.06061975618636389,"val/precision":0.983739837398374,"_runtime":212,"val/loss":0.09213410867544423,"val/f1_score":0.952755905511811,"_timestamp":1.7747807112247891e+09,"train/accuracy":0.9776119402985075,"_wandb":{"runtime":212},"_step":13,"training_history":{"_type":"image-file","sha256":"b81c708fb94939b1c023269e60e4f69d52832814bcb2dcfb1b822553d947cb3e","size":244411,"path":"media/images/training_history_13_b81c708fb94939b1c023.png","format":"png","width":4170,"height":1466},"epoch":13,"best_f1":0.9568627450980393,"confusion_matrix":{"_type":"image-file","sha256":"137d9753234ba019c875e281cb1066c2291b15cbfa265f8df2b92b89e3de81c6","size":88273,"path":"media/images/confusion_matrix_13_137d9753234ba019c875.png","format":"png","width":2227,"height":1765},"val/accuracy":0.9724770642201835,"val/recall":0.9236641221374046,"learning_rate":6.25e-06,"best_epoch":8}