{"confusion_matrix":{"height":1765,"_type":"image-file","sha256":"76b41ae73e24af2b8ca6343311ce45f47778a3bae3f7b28d338384a5ee0e4eb7","size":86831,"path":"media/images/confusion_matrix_8_76b41ae73e24af2b8ca6.png","format":"png","width":2227},"train/accuracy":0.9351320321469575,"_timestamp":1.774780228308126e+09,"val/f1_score":0.9142857142857143,"best_f1":0.92,"train/loss":0.17783314651818177,"val/recall":0.8549618320610687,"val/precision":0.9824561403508771,"val/loss":0.13512320424030935,"_wandb":{"runtime":134},"val/accuracy":0.9518348623853211,"epoch":8,"_runtime":134,"best_epoch":3,"_step":8,"learning_rate":2.5e-05,"training_history":{"height":1466,"_type":"image-file","sha256":"18a72b7f48bd0d6bcc5a5c8c585b0e31ca4fe4a14ae6ffb053951e9071c97a39","size":241965,"path":"media/images/training_history_8_18a72b7f48bd0d6bcc5a.png","format":"png","width":4170}}