{"val/precision":0.921875,"val/recall":0.9007633587786259,"val/f1_score":0.9111969111969112,"_timestamp":1.7747762506478033e+09,"best_f1":0.9111969111969112,"training_history":{"width":4170,"height":1466,"_type":"image-file","sha256":"2dbc01f2013e90bc2457759a2cbd1488c7321db65ab159f0ab2641b78185f224","size":218836,"path":"media/images/training_history_4_2dbc01f2013e90bc2457.png","format":"png"},"train/loss":0.20558265610298979,"_runtime":65,"learning_rate":1e-05,"val/accuracy":0.9472477064220184,"_step":4,"best_epoch":1,"confusion_matrix":{"path":"media/images/confusion_matrix_4_5e6fbe27ec6faf1d22b0.png","format":"png","width":2227,"height":1765,"_type":"image-file","sha256":"5e6fbe27ec6faf1d22b082691fcd4b5bccbf14ae33e59ae7faf74d879158690d","size":85408},"_wandb":{"runtime":65},"val/loss":0.1605193190542715,"train/accuracy":0.9351320321469575,"epoch":4}