{"train/accuracy":0.947187141216992,"val/recall":0.9694656488549618,"val/accuracy":0.9655963302752294,"val/loss":0.04135559246268323,"_timestamp":1.7747844760342808e+09,"epoch":11,"_runtime":180,"val/f1_score":0.9442379182156134,"_step":11,"training_history":{"size":236714,"path":"media/images/training_history_11_f5b74957903632da64f2.png","format":"png","width":4170,"height":1466,"_type":"image-file","sha256":"f5b74957903632da64f2c6f6897c45211eca0b3c6a5ead875a6a4bd3a9afbae4"},"_wandb":{"runtime":180},"learning_rate":1.25e-05,"best_f1":0.9545454545454546,"val/precision":0.9202898550724637,"best_epoch":6,"train/loss":0.025798660766818228,"confusion_matrix":{"size":85146,"path":"media/images/confusion_matrix_11_f8b19585ab887bd35aec.png","format":"png","width":2227,"height":1765,"_type":"image-file","sha256":"f8b19585ab887bd35aec2134e6a28739f8f58baa673a5f76c5f5fcb7568f0b02"}}