{"learning_rate":1e-05,"train/loss":0.20701897862282667,"training_history":{"_type":"image-file","sha256":"a8e9b45ce2f2bacb453fd6b06c44c5fdb6d497e3e48b2730ec733f46fc0d9522","size":235900,"path":"media/images/training_history_6_a8e9b45ce2f2bacb453f.png","format":"png","width":4170,"height":1466},"val/precision":0.921875,"_step":6,"_runtime":86,"best_epoch":1,"_wandb":{"runtime":86},"best_f1":0.9111969111969112,"val/accuracy":0.9472477064220184,"epoch":6,"val/loss":0.1706851204591138,"train/accuracy":0.9368541905855339,"confusion_matrix":{"_type":"image-file","sha256":"5e6fbe27ec6faf1d22b082691fcd4b5bccbf14ae33e59ae7faf74d879158690d","size":85408,"path":"media/images/confusion_matrix_6_5e6fbe27ec6faf1d22b0.png","format":"png","width":2227,"height":1765},"val/recall":0.9007633587786259,"val/f1_score":0.9111969111969112,"_timestamp":1.7747760841572266e+09}