{"_timestamp":1.7747740786459146e+09,"best_epoch":1,"confusion_matrix":{"path":"media/images/confusion_matrix_4_08790581e350c5670156.png","format":"png","width":2227,"height":1765,"_type":"image-file","sha256":"08790581e350c5670156993d9b87381a6d2b8249b4d18a1964c355392b1bbc78","size":88871},"val/accuracy":0.6995412844036697,"val/loss":0.6614976546594075,"training_history":{"_type":"image-file","sha256":"053c50c654a43a08c39a89064cb5bba73fddf5cc89de26604780ffa28283dfbd","size":221855,"path":"media/images/training_history_4_053c50c654a43a08c39a.png","format":"png","width":4170,"height":1466},"val/recall":0,"learning_rate":1e-05,"epoch":4,"_runtime":52,"train/accuracy":0.7003444316877153,"val/f1_score":0,"_step":4,"val/precision":0,"best_f1":0,"_wandb":{"runtime":52},"train/loss":0.6649689302531951}