{"training_history":{"_type":"image-file","sha256":"95a548c302612becebe117b60ed16dd75798a3d36708dffe1516c60a37a18cd5","size":250726,"path":"media/images/training_history_13_95a548c302612becebe1.png","format":"png","width":4170,"height":1466},"_timestamp":1.774832457122048e+09,"_wandb":{"runtime":215},"train/loss":0.06694893446246829,"best_epoch":8,"_step":13,"val/accuracy":0.9724770642201835,"learning_rate":6.25e-06,"val/f1_score":0.9523809523809523,"val/precision":0.9917355371900827,"epoch":13,"best_f1":0.9568627450980393,"train/accuracy":0.9735935706084959,"_runtime":215,"confusion_matrix":{"_type":"image-file","sha256":"137d9753234ba019c875e281cb1066c2291b15cbfa265f8df2b92b89e3de81c6","size":88273,"path":"media/images/confusion_matrix_13_137d9753234ba019c875.png","format":"png","width":2227,"height":1765},"val/recall":0.916030534351145,"val/loss":0.10968123422935605}