{"val/recall":0.9007633587786259,"train/accuracy":0.9345579793340988,"epoch":6,"val/loss":0.43852925087724415,"train/loss":0.4650431171469732,"best_epoch":1,"val/precision":0.921875,"val/f1_score":0.9111969111969112,"learning_rate":1e-06,"_runtime":92,"_timestamp":1.774776730756009e+09,"best_f1":0.9111969111969112,"training_history":{"size":208946,"path":"media/images/training_history_6_a62e2cdb09624636b851.png","format":"png","width":4170,"height":1466,"_type":"image-file","sha256":"a62e2cdb09624636b8511ab0dbade2fada0585350850934a504108914b1d68ab"},"confusion_matrix":{"format":"png","width":2227,"height":1765,"_type":"image-file","sha256":"5e6fbe27ec6faf1d22b082691fcd4b5bccbf14ae33e59ae7faf74d879158690d","size":85408,"path":"media/images/confusion_matrix_6_5e6fbe27ec6faf1d22b0.png"},"_wandb":{"runtime":92},"val/accuracy":0.9472477064220184,"_step":6}