{"val/loss":0.0443167152199229,"train/accuracy":0.970723306544202,"val/f1_score":0.9453125,"best_epoch":7,"confusion_matrix":{"format":"png","width":2227,"height":1765,"_type":"image-file","sha256":"f9fa91d16c516ffb837a3b8560ec42f48bd14c24fc0f46c84f05151438b6293c","size":86214,"path":"media/images/confusion_matrix_12_f9fa91d16c516ffb837a.png"},"val/recall":0.9236641221374046,"val/accuracy":0.9678899082568807,"_timestamp":1.7747883678508325e+09,"_step":12,"train/loss":0.02031174684262465,"training_history":{"width":4170,"height":1466,"_type":"image-file","sha256":"107333906dd04c39bfe7aa5daf4c10c15fb346af9efcfa2ccfe398f4ebab25ca","size":250634,"path":"media/images/training_history_12_107333906dd04c39bfe7.png","format":"png"},"best_f1":0.9575289575289575,"val/precision":0.968,"learning_rate":1.25e-05,"_wandb":{"runtime":279},"epoch":12,"_runtime":279}