{"_step":7,"val/precision":0.9538461538461539,"_runtime":115,"confusion_matrix":{"sha256":"44e674cf6c91062d4dbb127c315a0eba01bf2a408aa4e8a729f4f247a9a2c3c7","size":88602,"path":"media/images/confusion_matrix_7_44e674cf6c91062d4dbb.png","format":"png","width":2227,"height":1765,"_type":"image-file"},"val/loss":0.10307374234876729,"training_history":{"format":"png","width":4170,"height":1466,"_type":"image-file","sha256":"c9bdda6901c5f56b782ff7fc11e7b1519552473848b9b3db694b736d2a6a3f1c","size":230949,"path":"media/images/training_history_7_c9bdda6901c5f56b782f.png"},"train/accuracy":0.9684270952927669,"val/f1_score":0.9501915708812261,"_timestamp":1.7747833104080968e+09,"learning_rate":5e-05,"best_epoch":2,"val/accuracy":0.9701834862385321,"train/loss":0.08346501855636784,"_wandb":{"runtime":115},"best_f1":0.9571984435797666,"val/recall":0.9465648854961832,"epoch":7}