{"train/accuracy":0.9357060849598163,"val/f1_score":0.92,"val/precision":0.9663865546218487,"_runtime":134,"val/accuracy":0.9541284403669725,"training_history":{"sha256":"5489c165cad5647f43c2a4f0cae3170fd75ced92b2a10676fb3f69b6f05d8b52","size":236738,"path":"media/images/training_history_9_5489c165cad5647f43c2.png","format":"png","width":4170,"height":1466,"_type":"image-file"},"best_f1":0.92,"_step":9,"best_epoch":4,"val/recall":0.8778625954198473,"val/loss":0.1365380229960595,"_wandb":{"runtime":134},"epoch":9,"confusion_matrix":{"format":"png","width":2227,"height":1765,"_type":"image-file","sha256":"76b41ae73e24af2b8ca6343311ce45f47778a3bae3f7b28d338384a5ee0e4eb7","size":86831,"path":"media/images/confusion_matrix_9_76b41ae73e24af2b8ca6.png"},"learning_rate":5e-05,"train/loss":0.18220151890786962,"_timestamp":1.7747757673312857e+09}