{"val/accuracy":0.9724770642201835,"epoch":14,"_step":14,"training_history":{"format":"png","width":4170,"height":1466,"_type":"image-file","sha256":"f4a467699737f6a109ee48606582055a50cea3f5bc90d68fba7dccf634bf705d","size":256550,"path":"media/images/training_history_14_f4a467699737f6a109ee.png"},"best_epoch":9,"train/loss":0.019270753362451022,"val/recall":0.9312977099236641,"train/accuracy":0.9672789896670494,"val/loss":0.03020327347933614,"learning_rate":3.125e-06,"confusion_matrix":{"width":2227,"height":1765,"_type":"image-file","sha256":"a2b85daf6e8c225db4222b31c20f4d0cbfee5b9933264366f7a8b14901a03fd5","size":88545,"path":"media/images/confusion_matrix_14_a2b85daf6e8c225db422.png","format":"png"},"_wandb":{"runtime":225},"val/precision":0.976,"val/f1_score":0.953125,"_timestamp":1.7747838048275325e+09,"_runtime":225,"best_f1":0.9609375}