{"learning_rate":6.25e-06,"epoch":11,"_wandb":{"runtime":183},"val/recall":0.9236641221374046,"training_history":{"width":4170,"height":1466,"_type":"image-file","sha256":"8e7463eb1330e22fc9eb2ef240f000847cb7af01ce6aab252bf1e10a0a46b087","size":214597,"path":"media/images/training_history_11_8e7463eb1330e22fc9eb.png","format":"png"},"_timestamp":1.7747879845414212e+09,"confusion_matrix":{"path":"media/images/confusion_matrix_11_a2b85daf6e8c225db422.png","format":"png","width":2227,"height":1765,"_type":"image-file","sha256":"a2b85daf6e8c225db4222b31c20f4d0cbfee5b9933264366f7a8b14901a03fd5","size":88545},"_step":11,"val/precision":0.983739837398374,"val/loss":0.029087340413492972,"train/loss":0.017239475882304577,"_runtime":183,"best_f1":0.9609375,"best_epoch":6,"val/accuracy":0.9724770642201835,"train/accuracy":0.9724454649827784,"val/f1_score":0.952755905511811}